transaction_id,transaction_date,description,amount,type,balance
BK-3001,2026-11-01,PAYROLL BATCH 11/01,-23900.00,DEBIT,542600.00
BK-3002,2026-11-01,EMPLOYEE BENEFITS 11/01,-4780.00,DEBIT,537820.00
BK-3003,2026-11-05,UTIL PMT - MERIDIAN ELECTRIC,-8750.00,DEBIT,529070.00
BK-3004,2026-11-07,VENDOR PMT - COMFORT AIR HVAC,-3200.00,DEBIT,525870.00
BK-3005,2026-11-10,ACH - DIGITAL CAMPAIGN AGENCY,-15000.00,DEBIT,510870.00
BK-3006,2026-11-12,WIRE TFR - GRAND BALLROOM VENUE DEPOSIT,-47000.00,DEBIT,463870.00
BK-3007,2026-11-12,ACH - TRAVEL EXPENSES MGMT,-6500.00,DEBIT,457370.00
BK-3008,2026-11-15,PAYROLL BATCH 11/15,-25150.00,DEBIT,432220.00
BK-3009,2026-11-15,EMPLOYEE BENEFITS 11/15,-5030.00,DEBIT,427190.00
BK-3010,2026-11-18,ACH - OFFICE DEPOT SUPPLIES,-1200.00,DEBIT,425990.00
BK-3011,2026-11-20,UTIL PMT - CITY WATER DEPT,-3400.00,DEBIT,422590.00
BK-3012,2026-11-22,ACH - TOURISM EXPO SPONSOR,-12000.00,DEBIT,410590.00
BK-3013,2026-11-25,VENDOR PMT - AQUA POOLS INC,-22000.00,DEBIT,388590.00
BK-3014,2026-11-29,ACH - ERGO FURNITURE CO,-2850.00,DEBIT,385740.00
BK-3015,2026-11-30,PAYROLL - BONUS BATCH,-5000.00,DEBIT,380740.00
BK-3016,2026-11-30,INSURANCE PREMIUM Q1 2027,-18500.00,DEBIT,362240.00
BK-3017,2026-11-30,ACH - EXTERNAL AUDIT FIRM,-7500.00,DEBIT,354740.00
BK-3018,2026-11-30,MONTHLY ACCOUNT SERVICE FEE,-200.00,DEBIT,354540.00
